source,title,url,content
CNN,Politics,https://www.cnn.com/politics,"   © 2025 Cable News Network. A Warner Bros. Discovery Company. All Rights Reserved.
CNN Sans ™ & © 2016 Cable News Network.  "
CNN,The Nine,https://www.cnn.com/politics/supreme-court,"The latest on the Supreme Court. © 2025 Cable News Network. A Warner Bros. Discovery Company. All Rights Reserved.
CNN Sans ™ & © 2016 Cable News Network.  "
CNN,Congress,https://www.cnn.com/politics/congress,"The latest from Capitol Hill. © 2025 Cable News Network. A Warner Bros. Discovery Company. All Rights Reserved.
CNN Sans ™ & © 2016 Cable News Network.  "
CNN,,https://www.cnn.com/politics/fact-check,"© 2025 Cable News Network. A Warner Bros. Discovery Company. All Rights Reserved.
CNN Sans ™ & © 2016 Cable News Network.  "
CNN,The Nine,https://www.cnn.com/politics/supreme-court,"The latest on the Supreme Court. © 2025 Cable News Network. A Warner Bros. Discovery Company. All Rights Reserved.
CNN Sans ™ & © 2016 Cable News Network.  "
CNN,Congress,https://www.cnn.com/politics/congress,"The latest from Capitol Hill. © 2025 Cable News Network. A Warner Bros. Discovery Company. All Rights Reserved.
CNN Sans ™ & © 2016 Cable News Network.  "
CNN,,https://www.cnn.com/politics/fact-check,"© 2025 Cable News Network. A Warner Bros. Discovery Company. All Rights Reserved.
CNN Sans ™ & © 2016 Cable News Network.  "
CNN,Politics,https://www.cnn.com/politics#,"   © 2025 Cable News Network. A Warner Bros. Discovery Company. All Rights Reserved.
CNN Sans ™ & © 2016 Cable News Network.  "
CNN,Politics,https://www.cnn.com/politics#,"   © 2025 Cable News Network. A Warner Bros. Discovery Company. All Rights Reserved.
CNN Sans ™ & © 2016 Cable News Network.  "
CNN,The Nine,https://www.cnn.com/politics/supreme-court,"The latest on the Supreme Court. © 2025 Cable News Network. A Warner Bros. Discovery Company. All Rights Reserved.
CNN Sans ™ & © 2016 Cable News Network.  "
MSNBC,,https://www.msnbc.com/politicsnation,"       Host, PoliticsNation with Al Sharpton. PoliticsNation is a weekend news program hosted by Rev. Al Sharpton. The news that matters, delivered to you weekdays. © 2025 MSNBC Cable, L.L.C.         "
